Title,Price
"HAOYUYAN Sports Bluetooth Headphones, 80Hrs Playtime Wireless Earbuds with LED Power Display, IPX7 Waterproof Earphones for Workout/Running, Noise Canceling Headset Ear Buds (Black)","INR4,305.98"
"Wireless Earbuds, Bluetooth 5.3 Headphones HiFi Stereo 50H Playback LED Digital Display Ear Buds with ENC Noise Canceling Headset, IPX7 Waterproof Earphones for Gym/Running/Work（White）",INR956.35
Google Pixel Buds Pro 2 - Wireless Bluetooth Earbuds - Moonstone,"INR4,305.98"
Google Pixel Buds Pro 2 - Wireless Bluetooth Earbuds - Moonstone,"INR4,305.98"
"Soundcore by Anker P20i True Wireless Earbuds, with Big Bass, 30H Playtime","INR1,913.66"
"ZIUTY Wireless Earbuds, ANC ENC Noise Cancelling Ear Buds with Touch Screen","INR1,799.74"
"Wireless Earbuds, Bluetooth 5.3 Headphones HiFi Stereo 50H Playback LED Digital Display Ear Buds with ENC Noise Canceling Headset, IPX7 Waterproof Earphones for Gym/Running/Work（Black）","INR 1,860.67"
"Wireless Earbuds, Bluetooth 5.4 Headphones Bass Stereo/Clear Calls, Black","INR1,799.74"
GNMN Active Noise Cancelling Ear Buds Wireless Earbuds 90Hrs Playtime Hi-Res Stereo Deep Bass Power Display Earphones with Earhooks Waterproof Transparency Headset for Sports/Gym,
"TRAUSI Wireless Earbuds with Smart Touch Screen & 180° Rotating Case – Bluetooth 5.4 Headphones, Noise Cancelling Ear Buds, Stress Relief Design Earphones",
"Wireless Earbuds with Ear Hooks, Running Headphones, Ear Buds for Sports","INR1,339.28"
"Open Ear Wireless Earbuds Bluetooth Headphones, 80H Playtime Stereo Ear Buds with ENC Noise Cancelling, Fast Charging, IPX7 Waterproof Sports Earphones with Earhook for Running/Workouts (Black)",
"Wireless Earbuds, Bluetooth 5.4 ear buds with 4 ENC Noise Cancelling Mics, Bluetooth Earbuds with 48H Playtime, IPX7 Waterproof Workout earbuds, Black headphones HiFi Sound LED Display for iOS Android","INR1,530.74"
TOZO A1 Wireless Earbuds Bluetooth 5.3 Light Weight in Ear Headphones,"INR 1,860.67"
Samsung Galaxy Buds Core SM-R410 (2025) | Latin American Stock | Bluetooth 5.4 | Active Noise Cancelation | up to 35h Continuous Music Playblack - (Black),"INR 3,859.91"
"Samsung Galaxy Buds 4 Pro (2026) AI True Wireless Bluetooth Earbuds, Black","INR23,931.79"
"ZIUTY Ear Buds Wireless Earbuds, Bluetooth 5.4 Headphones, Deep Bass Stereo","INR 1,860.67"
"Wireless Earbuds, Smart Touchscreen Ear Buds, ANC Headphones, Bluetooth 5.4","INR 1,860.67"
